FILTRE 1 - TYPE DE PORTEUR DE PROJET,CODE PORTEUR DE PROJET,FILTRE 2 - TYPE DE DEMARCHE,CODE DEMARCHE,FILTRE 3 - THÉMATIQUE PRINCIPALE,CODE THEMATIQUE,TITRE DU PROJET,PORTEUR DE PROJET - EXTENSIF,NOM DU PORTEUR + ADRESSE POSTALE,NOM_PORTEUR_PROJET,ADRESSE_RUE,CODE_POSTAL,COMMUNE,SOURCE,SITE WEB,À RETENIR,PRÉSENTATION DU PROJET,AUTRES ACTEURS IMPLIQUÉS DANS LA DÉMARCHE,"TITRE ""ÉTAPES""",ÉTAPES,FICHE_ID,FICHE_ID_SLUG,LOGO FILE,LIEN PDF PROTEGE,adresse_postale
DÉPARTEMENT,DEP,BUDGET ET FINANCEMENT PARTICIPATIF,BP,MULTITHEMATIQUE,MTH,Budget Participatif Gersois,Le Département du Gers est un département de la région Occitanie qui compte environ 191 000 habitants répartis dans 460 communes pour un budget annuel d’environ 280 millions d’euros et 1500 agents. ,"Département du Gers 
81 rue de Pessan - 32000 AUCH",Département du Gers ,81 rue de Pessan,32000,AUCH,Lauréat (4 étoiles) des Trophées de la Participation et de la Concertation 2019,www.budgetparticipatif.gers.fr,"- 1er Département à mettre en place un budget participatif 

- 33% du corps électoral a voté en 2019 (47000 votants) 

- Un processus co-construit avec des ateliers citoyens et une commission citoyenne","En 2018  le Département du Gers a été le premier à mettre en place un budget participatif. Ce budget participatif est doté d’1 million d’euros dont 10 % (100 000 euros) sont destinés à des projets portés par des jeunes de moins de 20 ans.//

Ce premier budget participatif a recueilli 1000 idées lors de la période de dépôt du 02 avril au 30 juin 2018. Ces idées ont permis de proposer 375 projets au vote des gersoises et des gersois. //

Les règles du Budget Participatif Gersois ont été co-construites lors d’ateliers citoyens qui ont réuni en moyenne 300 à 500 personnes. Une commission citoyenne  chargée du règlement du budget participatif a été mise en place avec une centaine de citoyens volontaires. //

Fort du succès de la première édition en 2018  le Département a reconduit un budget participatif en 2019 avec plus de 47000 votants  soit 33 % du corps électoral.",,DÉROULÉ DU BUDGET PARTICIPATIF,"Du 02 avril au 30 juin :: Dépôt d'idées sur internet et dans les espaces dédiées //

Été 2019 :: Passage des idées aux projets via les services du Département sous le contrôle de la Commission citoyenne // 

Du 05 septembre au 06 octobre :: Les 375 projets sont soumis au vote des gersois //

Octobre 2019 :: Dépouillement des votes et mise en oeuvre l'année suivante",budget-participatif-gersois,budget-participatif-gersois,1.LogoGERS.jpg,,81 rue de Pessan 32000 AUCH
PETITE VILLE OU EPCI ,PV,DISPOSITIF DE CONSULTATION ,DC,URBANISME ET AMÉNAGEMENT,URB,Faire preuve de caractère ! Projet de renouveau du centre-ville de Castillon-la-Bataille,Castillon-la-Bataille est une ville de 3200 habitants  située dans le département de la Gironde. Elle fait face à une décroissance de la population (-2 % entre 2008 et 2013) et de l’emploi (-11 % entre 2008 et 2013) et cherche à remobiliser sa population.,"Commune de Castillon-la-Bataille
25 Place Maréchal de Turenne 
33350 CASTILLON-LA-BATAILLE",Commune de Castillon-la-Bataille,25 Place Maréchal de Turenne ,33350,CASTILLON-LA-BATAILLE,Lauréat (4 étoiles) des Trophées de la Participation et de la Concertation 2019,www.castillonlabataille.fr,"- Dans un contexte de tensions sociales et de fractures entre ses habitants  la commune a décidé de mieux impliquer les citoyens pour dessiner ensemble un projet d’avenir commun 

- Divers outils ont été mis en place pour répondre aux différents objectifs : participation guidée et présence sur le terrain pour mobiliser dans un premier temps  puis évolution vers une participation plus autonome. 

- 440 personnes  soit 14 % de la population ont participé à ce dispositif ","En 2014  la ville de Castillon-la-Bataille a lancé un large projet pour transformer durablement le cadre de vie des habitants de la commune. Dans une démarche de revitalisation du centre-ville  l’ambition était de « faire projet ensemble » et d’associer tous les acteurs de la ville. //

Ce projet a été construit au regard du cumul de nombreuses difficultés sociales et économiques : population fracturée entre communautés et générations  ville trop petite pour prétendre aux dispositifs d’aide (ex : Action Cœur de Ville)  sentiment de délaissement  etc. //

Une première étape de diagnostic a été menée avec l’ensemble des partenaires locaux pour objectiver la situation et cerner collectivement les enjeux du territoire. L’entretien individuel a été choisi pour échanger avec l’ensemble des structures éducatives  culturels  associatives et les commerçants du territoire pour réaliser ce diagnostic  point de départ pour construire un projet urbain ambitieux. //

La seconde étape visait à impliquer l’ensemble des habitants à la construction de ce projet : en passant par les relais locaux (associations locales notamment) et les supports de communication de la ville puis en allant chercher les citoyens sur leurs lieux de vie. Trois-demi-journées de rencontre dans l’espace public ont notamment été organisées (sur le marché de la ville  à la sortie du supermarché et avec un stand mobile). Des événements plus festifs et interactifs (ex : jeux de piste) ont aussi été mis en place. Puis  les outils ont évolué vers des dispositifs de participation plus autonomes permettant de recueillir les propositions des citoyens. ","O Tempora - Agence de communication

O+ Urbanistes - Agence d'études  de conseils et de projet du projet urbain",DÉROULÉ DU PROJET,"Mai 2019 :: Présentation du dispositif aux relais locaux  aux prescripteurs et ambassadeurs de la démarche //

Mai / Juin 2019 :: Annonce du dispositif à travers l’ensemble des supports de la ville ; Mise en œuvre de la 1ère phase du dispositif en allant à la rencontre des habitants //

Juin / Juillet 2019 :: Mise en place de la 2ème phase du dispositif constituée d’outils auto-porteurs //

Août / Septembre 2019 :: Mise en place de la 3ème phase avec une dynamique artistique et créative //

Septembre 2019 :: Compte-rendu de la collecte de la parole habitante et des premiers éléments de projet à la population //",faire-preuve-de-caractère-!-projet-de-renouveau-du-centre-ville-de-castillon-la-bataille,faire-preuve-de-caractere-!-projet-de-renouveau-du-centre-ville-de-castillon-la-bataille,2.LogoCastillon.png,,25 Place Maréchal de Turenne  33350 CASTILLON-LA-BATAILLE
PETITE VILLE OU EPCI ,PV,INSTANCE DE PARTICIPATION ,IP,MULTITHEMATIQUE,MTH,Vers un écosystème démocratique,Kingersheim est une ville de 13000 habitants  située dans le département du Haut-Rhin. Elle a initié depuis 1998 des démarches en faveur d’une démocratie plus participative.,"Commune de Kingersheim
Place de la Libération 
68260 KINGERSHEIM CEDEX",Commune de Kingersheim,Place de la Libération ,68260,KINGERSHEIM,Lauréat (4 étoiles) des Trophées de la Participation et de la Concertation 2019,www.ville-kingersheim.fr,"- La commune poursuit l’objectif de mettre en place une « démocratie-construction » et crée depuis 1998 un véritable écosystème démocratique  

- Chaque projet ou décision structurante fait l’objet d’une « séquence démocratique » (co-construction) ","Depuis 1998  la ville de Kingersheim s’est engagée dans une large démarche pour associer les citoyens à la prise de décision et mettre en place un écosystème démocratie et participatif. L’objectif poursuivi est la démocratisation de la démocratie locale  d’une « démocratie providentielle » vers une « démocratie-construction ». //

La démarche de participation s’inscrit dans un écosystème global qui se décline dans un lieu (la Maison de la citoyenneté)  un principe (tout projet ou décision structurante fait l’objet d’une séquence démocratique)  des outils (et notamment les conseils participatifs) et le souci de développer le pouvoir d’agir (Fonds d’initiative citoyenne). //

Une séquence démocratique (voir les étapes dans la frise) sur un projet doit permettre aux citoyens de se l’approprier  d’en débattre et de faire des propositions concrètes co-construites avant la phase décisionnelle assumée par le Conseil municipal. Elle s’incarne dans un Conseil participatif qui réunit 4 collèges : habitants  élus  experts et associations / entreprises. A l’issue de ses travaux de co-construction sur un projet  il se transforme en Conseil d’évaluation. //

En parallèle de ces séquences démocratiques  la ville organise les « Olympiades de la démocratie » dont les différentes étapes constituent une offre de participation supplémentaire. Ces « Olympiades » permettent de susciter le désir démocratique et de troucher davantage d’habitants. 

",,DÉROULÉ D'UNE SÉQUENCE DÉMOCRATIQUE,"Étape 1:: Invitation des habitants à participer à une séquence démocratique co-construire par un porteur politique  un référent technique et trois « agoracteurs » (citoyens engagés) //

Étape 2 :: Organisation d’une réunion publique pour informer sur le projet faisant l’objet de la séquence démocratique  lui donner du sens et le mettre en débat //

Étape 3 :: Création d’un Conseil participatif qui regroupe les ressources de sens  d’intelligence et d’expertise //

Étape 4 :: Co-construire au sein du Conseil participatif de propositions et d’actions alimentant la décision du Conseil municipal //

Étape 5 :: Transformation du Conseil participatif en Conseil d’évaluation //

Étape 6 :: Restitution régulière des séquences démocratiques menées via le magazine municipal et le site internet de la ville",vers-un-écosystème-démocratique,vers-un-ecosysteme-democratique,3.LogoKingersheim.jpg,https://raw.githubusercontent.com/co-demos/decider-ensemble/master/data/pdf/3.Fiche_longue-Kingersheim2019.pdf?raw=true,Place de la Libération  68260 KINGERSHEIM
ASSOCIATION OU COLLECTIF CITOYEN,AC,"DIALOGUE PARTIES PRENANTES

",DPP,"

ACTION SOCIALE ET INCLUSION 
",ACT,Le Débat Permanent ,"Créé en 1993  le Samu Social de Paris déploie  notamment par l’intermédiaire de ces équipes mobiles  un ensemble d’actions pour lutter contre la grande exclusion. Avec ce projet  il participe à la prise en compte de la parole des personnes en situation de précarité.
","Samusocial de Paris
51 rue Ledru-Rollin
94200 IVRY-SUR-SEINE",Samusocial de Paris,51 rue Ledru-Rollin,94200,IVRY-SUR-SEINE,Lauréat (4 étoiles) des Trophées de la Participation et de la Concertation 2019,www.samusocial.paris,"
- La volonté d’une co-construction perpétuelle de la démarche entre professionnels et personnes accompagnées  

- La valorisation de l’expertise des personnes en situation de précarité pour améliorer leur cadre de vie  

- Un impact au sein même de la gouvernance du Samu Social avec la possibilité pour les personnes accompagnées de bénéficier d’une représentation permanente en son sein ","Avec l’appui du Conseil d’administration du Samu Social  il a été décidé de poursuivre une initiative née du Grand Débat National en créant « le débat permanent » : un groupe de personnes accompagnées et de professionnels souhaitant agir pour améliorer les conditions de vie des personnes en précarité. Il a notamment pour ambition de mettre au centre des débats la parole des personnes concernées et d’œuvrer à la reconnaissance de leur expertise. //

Ce débat permanent a organisé 5 commissions thématiques (qualité de l’hébergement et vision écologique  situation des personnes sans droits administratifs  etc.) co- pilotées par un professionnel et une personne accompagnée. Cette volonté d’un statut d’égal à égal transparait tout au long de la démarche : co-construction des thématiques  des idées et actions concrètes à mener  etc. Ce statut était primordial pour donner du sens et de la légitimité aux personnes qui s’investissent dans la démarche. ",,DÉROULÉ DU PROJET ,"Étape 1 :: Constitution d’un comité de pilotage dans le cadre du Grand Débat National //

Étape 2 :: Organisation d’un grand débat au sein du Samusocial de Paris //

Étape 3 :: Présentation des conclusions au CESE et au Conseil d’Administration du Samusocial
de Paris //

Étape 4 :: Rassemblement du comité de pilotage pour acter la poursuite des actions menées au sein d’un groupe nommé « Débat Permanent » //

Étape 5 :: Constitution de cinq groupes thématiques  se réunissant à intervalles réguliers //

Étape 6 :: Organisation de plénière tous les deux mois pour le suivi des travaux",le-débat-permanent-,le-debat-permanent-,4.LogoSAMUSOCIAL.jpg,,51 rue Ledru-Rollin 94200 IVRY-SUR-SEINE
ENTREPRISE ,ENT,DISPOSITIF DE CONSULTATION ,DC,"URBANISME ET AMÉNAGEMENT 

",URB,Nudge participatif : une démarche expérimentale pour améliorer la sécurité des franchissements aux passages à niveau ,SNCF Réseau assure l’entretien  la modernisation et la sécurité des 30 000 kilomètres de ligne ferroviaire. Elle compte 54 000 collaborateurs pour un chiffre d’affaires en 2019 de 5 7 milliards d’euros. ,"SNCF Réseau 
15/17 rue Jean-Philippe RAMEAU - CS 80001 
93418 LA PLAINE SAINT-DENIS CEDEX",SNCF Réseau ,15 rue Jean-Philippe RAMEAU,93418,LA PLAINE SAINT-DENIS,Lauréat (4 étoiles) des Trophées de la Participation et de la Concertation 2019,www.sncf-reseau.com,"- SNCF Réseau a souhaité concevoir des mesures avec les acteurs du territoire en s’appuyant sur leur expertise d’usage et les pratiques quotidiennes des riverains et usagers. 

- Le pari est d’accroitre la sécurité aux passages à niveau  aujourd’hui reposant essentiellement sur des solutions techniques  en mettant en place des nudges (« coup de pouce » incitant quelqu’un à adopter un comportement plutôt qu’un autre) ","Alors que 98 % des accidents aux passage à niveau sont dus à des comportements dangereux des usagers  l’objectif principal est d’améliorer la sécurité des franchissements aux passages à niveau en concevant des mesures simples de sécurisation avec les usagers et les habitants  en commençant par les communes de Deuil-Montmagny et Marnes-la-Coquette. //

La démarche participative a d’abord consisté à réaliser une étude des comportements aux passages à niveaux et des analyses urbaines dont les résultats ont ensuite été partagés avec les partenaires  les riverains et les usagers. SNCF Réseau a ensuite mis en place un « atelier d’idéation » pour permettre aux riverains et usagers de créer leurs propres nudges pour accroitre la sécurité sur les passages à niveau : marquage au sol  panneaux d’anticipation  etc.//

L’objectif est de renouveler cette démarche sur d’autres passages à niveau pour ensuite « industrialiser » les nudges qui fonctionnement. ","Acteurs associés à la démarche pour Deuil-Montmagny : sous-préfecture de Sarcelles  Région Ile-de-France  Département du Val d’Oise  RATP et les communes de Deuil-La-Barre et Montmagny 

Acteurs associés à la démarche pour Marnes-la-Coquette : sous-préfecture d’Antony  Région Ile-de-France  la DRIEA  l’EPT Grand Paris Seine Ouest  le parc de Saint-Cloud  les communes de Marnes-la-Coquette et Garches.

Également impliqués dans la démarche : PSYKOLAB   KANTAR(cabinets d’études) et EKER (agence spécialisée en concertation)",DÉROULÉ DU PROJET,"Étape 1 :: Diagnostic psychosocial sur les passages à niveau //

Étape 2 :: Sélection de leviers d’action avec les partenaires institutionnels //

Étape 3 :: Atelier de création avec les habitants de communes concernées //

Étape 4 :: Sélection des mesures avec les partenaires institutionnels //

Étape 5 :: Mise en place des mesures //

Étape 6 :: Évaluation des mesures //

Étape 7 :: Choix avec les partenaires sur la pérennisation ou non des mesures
 ",nudge-participatif-:-une-démarche-expérimentale-pour-améliorer-la-sécurité-des-franchissements-aux-passages-à-niveau-,nudge-participatif-:-une-demarche-experimentale-pour-ameliorer-la-securite-des-franchissements-aux-passages-a-niveau-,5.LogoSNCFReseau.png,https://raw.githubusercontent.com/co-demos/decider-ensemble/master/data/pdf/5.Fiche_longue-SNCF_Réseau_2019.pdf?raw=true,15 rue Jean-Philippe RAMEAU 93418 LA PLAINE SAINT-DENIS
ENTREPRISE ,ENT,DISPOSITIF DE CONSULTATION ,DC,"URBANISME ET AMÉNAGEMENT 

",URB,Le jeu des pionnières et des pionniers,La SPL Lyon Confluence a pour mission le réaménagement urbain d’un territoire de 150 hectares  situé au confluent du Rhône et de la Saône. Elle développe  depuis plusieurs années  des dispositifs de co-construction de ces espaces publics  en lien direct avec ses usagers.,"Société Publique Locale (SPL) Lyon Confluence
73 rue Smith 
69002 LYON",Société Publique Locale (SPL) Lyon Confluence,73 rue Smith ,69002,LYON,Lauréat (3 étoiles) des Trophées de la Participation et de la Concertation 2019,www.lyon-confluence.fr,"- Une mise en débat de tous les usages du territoire afin de rendre la parole plus collective  moins individuelle 

- Une volonté d’introduire une dimension ludique à la participation  grâce au dispositif « Bikloo  le vélo à paroles » et au jeu de rôles des pionnières et pionniers","Dans la cadre du réaménagement urbain du quartier « La Confluence » à Lyon  la Société Publique Locale a lancé une concertation de toutes les parties prenantes du territoire. Cette démarche avait pour objectif de replacer l’usager au cœur de la conception de l’espace public.//

Des outils de participation mobiles et ludiques ont été déployés. Dans un premier temps  la parole des différents usagers a été recueillie grâce au triporteur Bikloo  qui s’est rendu dans des établissements scolaires et des lieux publics.//

Par la suite  un jeu de rôle grandeur nature a été organisé. 11 personnages  représentant la diversité des usages du territoire  ont été imaginés. Les participants ont ainsi été amenés à se projeter et à vivre l’espace public dans la peau d’un autre usager. Ce déplacement de perception a permis la construction d’une parole plus collective et partagée.",La démarche a été co-construite avec deux prestataires : l’Atelier Pop Corn et MémO.,DÉROULÉ DU PROJET,"Avril/mai 2019 :: Réunions préparatoires SPL Lyon Confluence - Pop Corn - MémO  //

18 juin 2019 :: Sortie du triporteur Bikloo dans les écoles et les parts  //

20 et 29 juin 2019 :: Jeu de rôles des pionnières et des pionniers  //

Septembre 2019 :: Restittution auprès des urbanistes et des paysagistes  //

Octobre 2019 :: Restitution auprès des participants",le-jeu-des-pionnières-et-des-pionniers,le-jeu-des-pionnieres-et-des-pionniers,6.LogoLyonConfluence.png,,73 rue Smith  69002 LYON
GRANDE VILLE  COMMUNAUTÉ URBAINE  MÉTROPOLE,GV,"DISPOSITIF DE CONSULTATION 

PARTICIPATION EN LIGNE ",DC-PN,ENVIRONNEMENT,ENV,Co-construction et participation citoyenne sur la transition énergétique du territoire de Grand Poitiers,Le Grand Poitiers est une intercommunalité du département de la Vienne. Elle compte 40 communes et plus de 190 000 habitants. Elle fait partie des premières collectivités à engager un Schéma directeur des énergies aussi poussé et partagé. ,"Communauté Urbaine du Grand Poitiers 
Place du Maréchal Leclerc 
CS10569
86021 POITIERS CEDEX",Communauté Urbaine du Grand Poitiers ,Place du Maréchal Leclerc,86021,POITIERS,Lauréat (3 étoiles) des Trophées de la Participation et de la Concertation 2019,"
www.jeparticipe-grandpoitiers.fr","- Une stratégie ambitieuse : aller au-delà des seules consultations publiques prévues par le Plan Climat-Air-Énergie Territorial (PCAET) 

- Une stratégie réaliste : faire appel à l’intelligence collective en impliquant toutes les parties prenantes du territoire (collectivités  entreprises  associations  habitants  etc)","Dans le cadre du PCAET  les collectivités sont réglementairement soumises à une consultation du public. Le Grand Poitiers a fait le choix de porter une démarche plus ambitieuse  en associant toutes les parties prenantes à la co-construction de la stratégie territoriale en matière de transition énergétique.//

Dès 2017  un large écosystème d’acteurs a été associé à l’élaboration d’un scénario chiffré : le Schéma directeur d’énergies. Il définit les objectifs stratégiques à l’horizon 2030  dans tous les domaines de la transition énergétique. Cette démarche a mobilisé 300 interlocuteurs au cours de 50 réunions de travail. Les données issues de ces réflexions ont été ouvertes en Open Data.//

Un programme de 116 actions a été formalisé et soumis à l’avis et aux propositions des habitants. Sur une plateforme numérique  il était possible d’exprimer son avis  déposer des amendements  voter  etc. En parallèle  3 réunions publiques se sont tenues  animées grâce à deux formats originaux : l’atelier du récit guidé et la cartographie participative.",La civictech Cap Collectif a développé la plateforme numérique de participation citoyenne  et mis à disposition des méthodologies d’animation des réunions publiques. ,DÉROULÉ DU PROJET,"2017 :: État des lieux de la transition énergétique sur le territoire  //

1er semestre 2018 :: Co-construction d'un scénario chiffré  //

2ème semestre 2018 :: Co-construction du programme d'actions //

Juillet-novembre 2019 :: Consultation numérique des citoyens //

Septembre 2019 :: 3 réunions publiques de concertation //

6 décembre 2019 :: Adoption du PCAET par le Conseil Communautaire du Grand Poitiers",co-construction-et-participation-citoyenne-sur-la-transition-énergétique-du-territoire-de-grand-poitiers,co-construction-et-participation-citoyenne-sur-la-transition-energetique-du-territoire-de-grand-poitiers,7.LogoGrandPoitiers.png,,Place du Maréchal Leclerc 86021 POITIERS
ADMINISTRATION D'ÉTAT,AE,"DISPOSITIF DE CONSULTATION 

PARTICIPATION EN LIGNE ",DC-PN,URBANISME ET AMÉNAGEMENT,URB,Ma Plage  Demain…?,La Préfecture de l’Hérault représente les services déconcentrés de l’État sur un territoire de plus d’1 1 millions d’habitants dans la Région Occitanie.,"Préfecture de l'Hérault 
Direction Départementale des Territoires et de la Mer (DDTM)
Bâtiment OZONE - 181 Place Ernest GRANIER 
CS 60556 - 34064 MONTPELLIER Cedex 2",Préfecture de l'Hérault - Direction Départementale des Territoires et de la Mer (DDTM),181 Place Ernest GRANIER ,34064,MONTPELLIER,Lauréat (3 étoiles) des Trophées de la Participation et de la Concertation 2019,www.herault.gouv.fr,"- La Préfecture de l’Hérault est la première préfecture à mettre en place une démarche de consultation volontaire du public en amont de la définition d’une stratégie territoriale et d’orientation de gestion. 

- Il s’agit d’une démarche qui va au-delà du cadre réglementaire  avec pour objectifs de moderniser l’action publique et de sortir des logiques descendantes et des décisions prise à huis clos  en intégrant le citoyen à la décision.","Dans le cadre de l’élaboration de la stratégie départementale de gestion intégrée et durable du Domaine Public Maritime du département de l’Hérault  la Préfecture a souhaité mettre en place une démarche de concertation afin de crédibiliser les futurs cahiers des charges de concessions des plages aux communes.//

La mise en place d’une plateforme numérique a permis de dépasser les simples ateliers de concertation avec les acteurs locaux déjà identifiés pour toucher un public plus large  avec environ 2000 participants en ligne. Ces derniers ont été invités à s’’exprimer sur leur usage des plages  leurs attentes et leur vision ainsi que leurs préférences notamment pour les équipements et offres de services sur ces plages.//

La Préfecture a pris l’engagement d’être transparente sur les résultats de cette démarche et de recevoir un certain nombre de contributeurs pour leur répondre directement.",Cap Collectif a accompagné la mise en place de la démarche à travers un appui méthodologique et la mise à disposition d’une plateforme de participation en ligne.,DÉROULÉ DU PROJET,"18 février 2019 :: 1ère réunion avec les maires littoraux pour présenter la démarche et proposer un diagnostic partagé  //

8 avril 2019 :: Ouverture de la consultation en ligne avec deux formats proposés :: un questionnaire fermé sur les usages et une boîte à idées ouverte et collaborative  //

Mi-avril 2019 :: Ateliers des acteurs locaux  //

17 mai 2019 :: Fin de la consultation en ligne  //

20 mai 2019 :: Publication d'une synthèse des résultats du questionnaire et d'un classement des contributions de la boîte à idée //

02 octobre 2019 :: 2ème réunion des maires littoraux pour valider une stratégie partagée et ses orientations de gestion",ma-plage-demain…,ma-plage-demain…,8.LogoPrefectureHerault.jpg,,181 Place Ernest GRANIER  34064 MONTPELLIER
ASSOCIATION OU COLLECTIF CITOYEN,AC,DISPOSITIF DE CONSULTATION ,DC,ENVIRONNEMENT,ENV,Muttersholtz 2050  demain commence aujourd'hui,La Maison de la Nature est une association d’éducation à l’environnement et de développement local durable. Elle compte 21 salariés.,"Maison de la Nature - CPIE du Ried et de l'Alsace centrale
35 ehnwhir 
67600 MUTTERSHOLTZ",Maison de la Nature - CPIE du Ried et de l'Alsace centrale,35 Ehnwhir ,67600,MUTTERSHOLTZ,Lauréat (3 étoiles) des Trophées de la Participation et de la Concertation 2019,https://www.facebook.com/muttersholtz2050,"- Une initiative innovante lancée par une association à l’échelle d’un village : la commune de Muttersholtz (Bas-Rhin  2100 habitants) 

- L’objectif est de développer des solutions locales face à des enjeux globaux (dérèglement climatique) en favorisant le pouvoir d’agir des citoyens","L’association Maison de la Nature du Ried et de l’Alsace a pris l’initiative du projet Muttersholtz 2050 visant à accompagner l’émergence de solutions concrètes et nouvelles en faveur de la transition écologique  énergétique et solidaire en mobilisant un maximum d’habitants et d’acteurs de la commune.//

Lors de la soirée de lancement de cette démarche  20 « Porte- Voix » ont été identifiés  relais privilégiés pour faire parler du projet et mobiliser les habitants. Puis  les préoccupations des citoyens ont été recueillies via des enquêtes et des entretiens individuels  puis analysées et synthétisées (238 habitants interrogés  soit 11% de la population). A partir des résultats  un week-end festif et familial a été organisé autour des préoccupations principales.//

Après cette première étape des Fabriques de projet (réunions de co-construction pilotées par la Maison de la Nature sur le vivre ensemble et sur la mobilité douce) et des Ateliers du Faire (organisation autonome autour d’initiatives citoyennes comme une épicerie coopérative) ont été mis en place.",La démarche a été développée grâce au soutien financier de la commune mais aussi de l’ADEME  de la Fondation de France  de la DREAL Grand Est et du Fonds de développement de la vie associative.,DÉROULÉ DU PROJET,"Février - Mars 2018 :: Présentation du projet - 20 personnes acceptent de devenir ""Porte-Voix"" //

Mars - Juillet 2018 :: Recueil des préoccupations des habitants et acteurs du village  //

Septembre 2018 :: Week-end festif et familial en lien avec les préoccupations exprimées (film  ateliers etc...)  //

Novembre 2018 - Novembre 2019 :: Fabrique de projets et Ateliers du Faire  //

Novembre 2019 - Novembre 2020 :: Accompagnement à la mise en oeuvre des projets  //

Été 2020 :: Évaluation et pérennisation de la participation citoyenne dans les instances de la commune",muttersholtz-2050-demain-commence-aujourd-hui,muttersholtz-2050-demain-commence-aujourd-hui,9.LogoMaisonNature.jpeg,https://raw.githubusercontent.com/co-demos/decider-ensemble/master/data/pdf/9.Fiche_longue-CPIE_2019.pdf?raw=true,35 Ehnwhir  67600 MUTTERSHOLTZ
REGION,RG,INSTANCE DE PARTICIPATION ,IP,MULTITHEMATIQUE,MTH,Direction Générale Adjointe de la Gouvernance Partagée,La Région Réunion  ultramarine et insulaire  compte 866 000 habitants et constitue la 3ème population la plus jeune de France. Dans un contexte social contrasté où 39% des habitants vivent sous le seuil de pauvreté et avec 20% de chômage  elle a souhaité s’inscrire dans une démarche forte d’inclusion des citoyens.,"Hôtel de Région Pierre LAGOURGUE 
Avenue René Cassin Moufia 
B.P 67190 
97801 SAINT DENIS MESSAG - CEDEX 9",Conseil régional de la Réunion - Hôtel de Région Pierre LAGOURGUE,Avenue René Cassin Moufia,67190, SAINT-DENIS,Lauréat (3 étoiles) des Trophées de la Participation et de la Concertation 2019,www.regionreunion.com,"- Réorganisation des services administratifs de la Région Réunion avec une Direction Générale Adjointe dédiée  entre autres  à la supervision d’un Conseil Consultatif Citoyen 

- Faire du Conseil Consultatif Citoyen  composé de citoyens tirés au sort  l’interlocuteur relais des préoccupations des citoyens grâce au dialogue et à l’écoute pour améliorer la pertinence et l’efficacité de l’action publique","Pour apporter une réponse à la volonté d’une plus grande implication des citoyens dans l’action publique  perceptible sur le territoire avec le mouvement des « Gilets Jaunes »  la Région Réunion a souhaité modifier ses pratiques de mise en œuvre de l’action publique. En créant une Direction Générale Adjointe (DGA) chargée de la Gouvernance partagée  la Région a pour objectif de modifier sa méthode de prise de décision et d’impliquer l’ensemble du territoire dans la gouvernance régionale.//

Un processus de co-construction  engagé pour créer un Conseil Consultatif Citoyen (CCC)  a posé la première pierre du dialogue citoyen. Ce CCC  représentant la société civile  a pour rôle d’être saisi sur les sujets d’intérêt général et de permettre d’associer les citoyens à la construction des projets de la collectivité régionale. Il doit aussi favoriser la transparence des décisions et de l’action de la Région. L’animation de ce Conseil est assurée par la DGA « Gouvernance partagée ».//

Celle-ci travaille également à la mise en place de formations à la discussion. Elle assure aussi l’interface avec les autres conseils consultatifs  met en place des ateliers ouverts à la population  fait vivre la plateforme Cap Citoyen Réunion et consulte les citoyens en ligne.",Le déploiement de la plateforme régionale Cap Citoyen Réunion  ouverte le 19 février 2019  a été confié à Cap Citoyen.,DÉROULÉ DU PROJET,"30 novembre 2018 :: Annonce en préfecture par le Président de Région de la création d’un Conseil Consultatif Citoyen (CCC) tiré au sort //

Décembre 2018 :: Rencontres avec les différents collectifs de Gilets Jaunes exprimant leur intérêt et définition partagée du processus de co-construction du futur CCC + Décision de création du CCC par l'Assemblée plénière //

Janvier 2019 :: Ateliers participatifs territoriaux //

26 janvier 2019 :: Séance de restitution des ateliers et annonce des modalités d’élargissement de la concertation //

19 février au 19 mars 2019 :: Consultation en ligne sur les modalités de composition du CCC  son rôle et son fonctionnement + espace dédié aux contributions écrites //

28 mai 2019 :: Tirage au sort des membres //

18 juin 2019 :: Installation du CCC des 96 membres du CCC //

Juillet 2019 :: Avis favorable du Comité Technique sur la nouvelle organisation administrative et la création de la Direction Générale Adjointe Gouvernance Partagée",direction-générale-adjointe-de-la-gouvernance-partagée,direction-generale-adjointe-de-la-gouvernance-partagee,10.LogoReunion.png,https://raw.githubusercontent.com/co-demos/decider-ensemble/master/data/pdf/10.Fiche_longue-Region_Reunion_2019.pdf?raw=true,Avenue René Cassin Moufia 67190  SAINT-DENIS
ENTREPRISE,ENT,DISPOSITIF DE CONSULTATION ,DC,URBANISME ET AMENAGEMENT,URB,Pôle d'échange multimodal de la gare de Rennes,"SNCF Gares & Connexions est gestionnaire des 3000 gares françaises. Elle est au service des transporteurs de tout mode  des collectivités et des voyageurs pour assurer un service public transparent et non discriminant  favoriser l’intermodalités et le développement équilibré des territoires

","SNCF Gares & Connexions 
16 avenue d'Ivry
75013 PARIS",SNCF Gares et Connexions,16 avenue d'Ivry,75013,PARIS,Lauréat (3 étoiles) des Trophées de la Participation et de la Concertation 2019,www.garesetconnexions.sncf.fr,"- Une démarche qui vise à développer une meilleure connexion de tous les modes de transports pour desservir la gare 

- Associer les salariés exploitants de la gare  les riverains et les voyageurs pour faire accepter les nuisances et faciliter l’utilisation de la gare pendant les travaux d’agrandissement","Avec l’arrivée de la nouvelle Ligne Grande Vitesse Bretagne-Pays de la Loire à Rennes  il est devenu nécessaire de prévoir des travaux d’agrandissement pour accueillir plus de voyageurs. Ce projet  sur la gare de Rennes  est un projet ponctuel mais à vocation à être diffusé sur d’autres projets en gare puisque chaque année  Gares et Connexions livrent plus de 150 projets chaque année.//

L’accent a été particulièrement mis sur les voyageurs et les riverains de la gare. Des journaux de chantiers  des messages à bord des trains et des panneaux en gare ont permis d’informer les usagers des dispositifs participatifs mis en œuvre. Plusieurs réunions publiques de quartier ont été mises en place pour recevoir les plaintes des riverains et informer des projets hôteliers et de résidences étudiantes environnantes. //

Une exposition pour présenter le projet et recueillir les impressions des voyageurs et des riverains en amont des travaux et des concertations permanentes avec des « speed dating » en gare  des courriers aux riverains et des journées porte-ouvertes. Une autre stratégie de « maison ou stand mobile » a été mise en place pour répondre à tous besoins d’informations relatives au chantier et pour venir à la rencontre de nos riverains. ",Une agence de communication a été mandatée pour l’élaboration des journaux du projet. ,DÉROULÉ DU PROJET,"EN AMONT DU PROJET // 

Mise en place d'une exposition pour présenter le projet et recueillir les impressions des voyageurs et des riverains //

PENDANT LES TRAVAUX // 

Concertation permanente avec des ""speed dating"" // 

Organisation de journées portes ouvertes pour faire découvrir le chantier // 

Distribution de journaux de chantiers en gare // 

Réunions publiques avec les riverains pour recueillir les plaintes et questions",pôle-d-échange-multimodal-de-la-gare-de-rennes,pole-d-echange-multimodal-de-la-gare-de-rennes,11.LogoGaresEtConnexions.png,,16 avenue d'Ivry 75013 PARIS
GRANDE VILLE  COMMUNAUTÉ URBAINE  MÉTROPOLE,GV,DISPOSITIF DE CONSULTATION ,DC,MULTITHEMATIQUE,MTH,Imagine le Grand Annecy,La communauté d’agglomération du Grand Annecy se trouve dans le département de la Haute-Savoie. Elle compte 34 communes et plus de 206 000 habitants. Ce vaste territoire est caractérisé par la cohabitation de milieux à la fois ruraux et urbains. ,"Communauté d'agglomération du Grand Annecy
46 avenue des îles - BP 90270
74007 ANNECY CEDEX",Communauté d'agglomération du Grand Annecy,46 avenue des îles,74010,ANNECY,Lauréat (3 étoiles) des Trophées de la Participation et de la Concertation 2019,www.grandannecy.fr,"- Un dispositif pérenne : un projet de territoire enrichi perpétuellement  grâce à une projection à l’horizon 2050 

- Un dispositif inclusif : tous les acteurs du territoire ont été associés au projet et une importance a été donnée à la parole des publics les plus éloignés des sphères habituelles du débat","En 2017  la communauté d’agglomération du Grand Annecy est née de la fusion de 5 anciennes communautés de communes. Pour donner du sens à cette nouvelle collectivité et rétablir la confiance  les élus ont souhaité fédérer tous les acteurs du territoire autour d’un projet ambitieux et partagé  pensé à l’horizon 2050.//

Cette démarche a permis à chacun d’exprimer sa vision d’avenir pour le territoire  afin de définir un cadre de développement commun. Pendant plus d’un an  des temps d’échange et de rencontre adaptés à chaque public ont été mis en place  répondant à la mixité sociale  culturelle et économique du Grand Annecy. //

Une attention particulière a été portée aux personnes les moins habituées à prendre la parole publiquement. Des équipes spécialisées sont allées à leur rencontre  en amont des réunions publiques  pour leur présenter la démarche et échanger sur leurs attentes. Au total  ce sont près de 4 000 personnes qui ont participé activement à cette concertation.//

A l’issu de cette phase d’écoute et de propositions  90 objectifs de développement ont été adoptés. Leur mise en œuvre est assurée par l’Observatoire citoyen  composé de 90 habitants tirés au sort. Ce projet a pour vocation d’être enrichi au fil des années  grâce à la mobilisation constante des acteurs du territoire. ",Les missions d’animation des rencontres et de mobilisation des publics ont été confiées à l’agence Grand Public.,DÉROULÉ DU PROJET,"Novembre 2017 – Décembre 2018 : Élaboration du projet de territoire 
1. Phase d’écoute et de propositions : enquêtes  entretiens  rencontres  séminaires  chantiers prospectifs
2. Phase de synthèse et d’arbitrage par les élus // 

Décembre 2018 :: Soirée de restitution et de présentation du projet de territoire devant 1000 personnes //

Février 2019 :: Vote à l’unanimité du projet de territoire par le bureau communautaire + lancement de certains projets //

3 juillet 2019 :: Lancement de l'Observatoire citoyen avec 90 habitants tirés au sort pour veiller à la mise en oeuvre des objectifs // 

Septembre - décembre 2019 :: Rencontres régulières entre les élus et l'Observatoire citoyen 





",imagine-le-grand-annecy,imagine-le-grand-annecy,12.LogoGrandAnnecy.png,,46 avenue des îles 74010 ANNECY
VILLE MOYENNE OU EPCI ,VM,"DISPOSITIF DE CONSULTATION 

PARTICIPATION EN LIGNE ",DC-PN,MULTITHEMATIQUE,MTH,J'imagine Limeil-Brévannes 2030,Limeil-Brévannes est une commune du Val-de-Marne (94)  de plus de 27000 habitants. Cette démarche participative s’inscrit dans une stratégie politique plus large d’amélioration du cadre de vie des habitants.,"Mairie de Limeil-Brévannes
Hôtel de ville - CS 200001
94456 LIMEIL-BREVANNES CEDEX",Mairie de Limeil-Brévannes,2 Place Charles de Gaulle,94450,LIMEIL-BRÉVANNES,Lauréat (3 étoiles) des Trophées de la Participation et de la Concertation 2019,www.limeil-brévannes.fr,"- Soutenir la cohésion sociale entre anciens et nouveaux résidents  grâce à un projet porté par toutes les catégories de la population 

- Garantir la neutralité et limiter l’intervention des élus dans le débat  en confiant l’écoute et l’accompagnement des habitants à un prestataire","Au cours des deux dernières décennies  la population de Limeil-Brévannes a augmenté de 40%. Pour faire face au risque de fracture sociale entre des populations très différentes  la municipalité a engagé un projet d’avenir pour la ville  porté et partagé par tous ses habitants. Les Brévannais ont pu  non seulement  identifier et s’approprier les problèmes  mais aussi y apporter leurs solutions. //

Cette démarche s’est déroulée en trois phases au cours desquelles des dispositifs participatifs très variés ont été déployés. Dans un premier temps  5 axes de travail ont été co-construits par les élus et 274 habitants  rencontrés par entretiens ou porte-à-porte. //

Un stand itinérant  le Mobil’à Idées  a ensuite été installé dans 5 quartiers de la ville  lors de 15 journées non consécutives. Les Brévannais ont pu venir discuter de leurs ambitions pour leur ville et déposer leurs propositions  dans une urne. Cette mobilisation physique a été complétée par une plateforme numérique participative. A l’issue de cette consultation  1 330 propositions ont été recueillies  formulées par plus de 1 000 habitants.//

A partir de ces propositions  une cinquantaine de Brévannais volontaires - nommés ambassadeurs - a co-construit 11 projets d’avenir pour la ville. En parallèle  la Mairie a invité des jeunes de 15 à 25 ans à proposer des idées complémentaires  lors d’un barbecue.","Le cabinet de conseil Mazars a appuyé la municipalité dans la conception  l’organisation et l’animation des différentes étapes de concertation.

",DÉROULÉ DU PROJET,"Esquisse du projet d’avenir (mai à juin 2018) :: définition des axes de travail prioritaires par la municipalité  rencontres de 274 habitants par entretiens ou porte-à-porte  formulation de 5 axes de travail en fonction des attentes des Brévannais //

La consultation (octobre 2018 à février) 2019 :: recueil des propositions des habitants grâce au Mobil’à Idées et à la plateforme participative puis 1ère restitution publique (1 330 idées recueillies et identification des ambassadeurs) //

La concertation (mai à août 2019) :: co-construction de 11 projets d’avenir par une cinquantaine d’ambassadeurs lors de 4 réunions de travail  atelier spécifique dédié aux jeune  2ème restitution publique





",j-imagine-limeil-brévannes-2030,j-imagine-limeil-brevannes-2030,13.LogoLimeilBrevannes.png,,2 Place Charles de Gaulle 94450 LIMEIL-BRÉVANNES
PETITE VILLE OU EPCI ,PV,INSTANCE DE PARTICIPATION ,IP,MULTITHEMATIQUE,MTH,Conseil Municipal Intergénérationnel,La ville de Macouria est une ville de 14 200 habitants située en Guyane sur la côte atlantique. Construite le long de la Route Nationale 1  la ville a cherché à favoriser la mixité intergénérationnelle grâce à son action et la création du CMIG,"Centre Communal d'Action Sociale de Macouria
1  rue Benjamin CONSTANCE 
Route Nationale 1 
97355 MACOURIA",Centre Communal d'Action Sociale de Macouria,1  rue Benjamin CONSTANCE,97355,MACOURIA,Lauréat (3 étoiles) des Trophées de la Participation et de la Concertation 2019,www.macouria.fr,"- Créer du lien entre les générations et entre les différents secteurs de la ville par la participation citoyenne 

- Responsabiliser les citoyens et leur donner une liberté d’expression via des espaces qui leur sont réservés ","Pour lutter contre l’isolement et le vivre entre soi qui sont favorisés par les contraintes de l’aménagement de ville autour d’une route nationale  la ville de Macouria a souhaité impliquer l’ensemble des habitants dans l’action publique de la ville. Pour mettre en place ce projet  le territoire a été divisé en 16 secteurs  chacun chargés de mettre en place un comité. Les habitants sont alors invités dans leur secteur à une réunion d’information en amont de la mise en place du comité.  //

Pour être reconnu  un comité doit être composé a minima d’un jeune de moins de 29 ans  et d’un senior (+ de 60 ans) ou adulte (30 à 59 ans). Une fois constitué  chaque comité définit lui-même le rythme et la fréquence de ses réunions ainsi que leurs formats de discussion. Les thèmes abordés sont libres mais n’incluent pas la politique  le budget municipal  la religion  l’origine ethnique ou le sexe. Un compte-rendu est rédigé à chaque réunion portant les doléances des habitants (animations  projets  etc.). Les élus ne sont pas invités aux débats des comités afin de responsabiliser les citoyens et les laisser s’exprimer librement. //

Chaque comité doit également désigner ses 2 représentants pour constituer le Conseil Municipal Intergénérationnel des habitants. Celui-ci est l’interface entre les citoyens et l’exécutif municipal. Il doit faire remonter les propositions et projets des comités qui pourront ensuite être validés et budgétisés par le Conseil municipal. Par la suite  ils reviendront aux comités et se transformeront en actions à mettre en œuvre par les habitants du secteur.",La ville et le CCAS ont engagé le prestataire GE.ST.E Consulting pour mener à bien l’instauration des comités dans les secteurs et l’installation du CMIG,DÉROULÉ DU PROJET,"Étape 1 :: Définition de la démarche par le Centre Communal d’Action Sociale et la Ville //

Étape 2 :: Création des outils pour l'instauration des comités et du CMIG //

Étape 3 :: Délimitation des 16 secteurs pour créer les comités // 

Étape 4 :: Planification des séances d'information // 

Étape 5 : Établissement des dates pour la création des comités et du CMIG // 

Étape 6 : Constitution d'un règlement intérieur // 

Étape 7 : Validation de la forme juridique de ces entités  

",conseil-municipal-intergénérationnel,conseil-municipal-intergenerationnel,14.LogoMacouria.jpg,,1  rue Benjamin CONSTANCE 97355 MACOURIA
VILLE MOYENNE OU EPCI ,VM,DIALOGUE PARTIES PRENANTES,DPP,ACTION SOCIALE ET INCLUSION,ACT,Faire émerger une parole collective d'un public éloigné de l'emploi  bénéficiaire des minimas sociaux ,Le Centre Communal d’Action Sociale de Saint-Jean de Braye (Loiret) est chargé de la mise en œuvre de la politique sociale de la ville qui compte 20750 habitants.,"Centre Communal d'Action Sociale de Saint-Jean de Braye
25 rue de Mondésir 
45800 SAINT-JEAN DE BRAYE",Centre Communal d'Action Sociale de Saint-Jean de Braye,25 rue de Mondésir,45800,SAINT-JEAN DE BRAYE,Lauréat (3 étoiles) des Trophées de la Participation et de la Concertation 2019,www.saintjeandebraye.fr,"- Construire des instruments pour faciliter la réinsertion vers l’emploi en s’appuyant sur la parole des bénéficiaires du RSA éloignés du marché du travail  

- Combiner des temps collectifs et individuels pour construire et libérer la parole de personnes peu habituées à s’exprimer  ","À l’initiative du Département du Loiret  le CCAS de Saint-Jean de Braye a lancé une expérimentation pour mobiliser les bénéficiaires du RSA  éloignés de l’emploi depuis de nombreuses années. //

Cette démarche concerne les bénéficiaires du RSA éloignés de l’emploi mais sans frein majeur pour retravailler (exclusion des personnes proches de la retraite ou des personnes malades relevant de l’Allocation Adultes Handicapés). Une sensibilisation et une promotion de la démarche ont été réalisées auprès de 19 personnes en amont d’une première réunion. Au final  10 personnes ont accepté l’invitation et sont venues à la première réunion organisée par le CCAS. //

Les participants ont été placés comme des acteurs de leur parcours d’insertion et ont été invités à échanger sur leur vécu individuel. Un travail de production d’idées en petits groupes avec un facilitateur a permis d’aider à l’expression et rassurer l’ensemble des participants qui prennent  en général  peu la parole. Des entretiens individuels ont ensuite été réalisés.//

L’objectif est de mettre en place des solutions pour que ces personnes sortent du dispositif RSA mais aussi de leur donner envie de s’investir à nouveau dans la vie sociale et leur redonner confiance en elles. ",La démarche a été initiée par le Département du Loiret et co-construite en collaboration avec la ville. ,DÉROULÉ DU PROJET,"Étape 1 :: Sensibilisation du public en amont de la première réunion : 19 personnes contactées par le référent RSA du CCAS //

Étape 2 :: Première réunion avec 10 participants : présentation  échange par groupes et questions ouvertes avec un facilitateur //

Étape 3 :: Rendez-vous individuel des participants avec un facilitateur pour développer leurs idées et évoquer leurs ressentis // 

Étape 4 :: Second temps collectif pour partager les idées avec les participants exprimées lors de la première réunion et des entretiens individuels


",faire-émerger-une-parole-collective-d-un-public-éloigné-de-l-emploi-bénéficiaire-des-minimas-sociaux-,faire-emerger-une-parole-collective-d-un-public-eloigne-de-l-emploi-beneficiaire-des-minimas-sociaux-,15.LogoSaintJean.png,https://raw.githubusercontent.com/co-demos/decider-ensemble/master/data/pdf/15.Fiche_longue-Saint_Jean_de_Braye_2019.pdf?raw=true,25 rue de Mondésir 45800 SAINT-JEAN DE BRAYE
DÉPARTEMENT,DEP,DISPOSITIF DE CONSULTATION,DC,JEUNESSE  EDUCATION ET CULTURE,JEU,Concertation citoyenne pour l'amélioration de la mixité sociale dans les collèges,"Le Département de Haute-Garonne compte 1 400 000 habitants en région Occitanie. Il compte 117 collèges sur tout le département pour environ 64 000 élèves. 67 de ces collèges scolarisent plus de 36 000 collégiens sur le territoire de Toulous Métropole (763 000 habitants).
", ,"Conseil départementale de la Haute-Garonne
",1  Boulevard de la Marquette,31090,TOULOUSE,Lauréat (4 étoiles) des Trophées de la Participation et de la Concertation 2018,www.haute-garonne.fr,"- Une démarche ayant pour objectif  dans un premier temps  de partager les constats et faire émerger une prise de conscience de la ségrégation sociale dans certains collèges  puis  dans un second temps de trouver des solutions. 

- Une concertation qui s’appuie à la fois sur les parents d’élèves  les habitants des quartiers concernés  les organes représentatifs (syndicats d’enseignants  associations de parents d’élèves) et le réseau associatif du territoire.

- Plus de 1000 personnes ont participé en 4 mois à la phase de concertation citoyenne préalable à la décision du Conseil départemental.","Dès l’été 2015  le nouvel exécutif du Conseil Départemental a souhaité se saisir de la question du déséquilibre préoccupant constaté entre les différents collèges de l’agglomération toulousaine du point de vue de la répartition sociologique des collégiens  de l’attractivité des établissements et de la réussite des élèves. //

Les enjeux du projet d’amélioration de la mixité sociale dans les collèges et la sensibilité de ce projet ont nécessité dans un premier temps de partager et comprendre la réalité des collèges de l’agglomération pour ensuite étudier les hypothèses de solution proposées par le Conseil départemental et les faire évoluer. //

Après une première phase d’échanges bilatéraux (avec les élus locaux  les services académiques et les Chefs d’établissements puis les instances représentatives des personnels enseignants et des parents d’élèves)  les premières hypothèses de solutions ont été partagées lors de réunions publiques et d’ateliers territorialisés dans les collèges classés en réseau d’éducation prioritaire renforcée (REP+). Les hypothèses de travail initiales ont alors été abandonnées car considérées comme inadaptées par les parties prenantes. De nouvelles hypothèses ont été construites et portées lors d’un second cycle de réunions publiques. Enfin  un troisième cycle de réunions publiques a permis de présenter le dispositif global retenu. //

Une seconde phase de concertation s’est alors ouverte  ciblée vers les parents d’élèves et les élèves  afin de les accompagner dans la mise œuvre du projet. Deux comités de suivi (l’un institutionnel  l’autre avec les associations partenaires) ont été mis en place.",,DÉROULÉ DU PROJET,"Première phase de concertation :: 
Échanges bilatéraux avec les instances représentatives des enseignants et des parents d'élèves // 
Organisation d'un 1er cycle de réunions publiques pour partager les constats et hypothèses de travail et les mettre en discussion // 
Réunions sous forme d'atelers ""tables rondes"" dans cinq collèges classés en REP+ // 
Deuxième cycle de réunions publiques avec une prise en compte des premiers échanges pour présenter les nouvelles hypothèses de travail // 
Troisième cycle de réunions publiques pour présenter le dispositif global retenu pour le projet par le Département et l'Académie de Toulouse // 

Deuxième phase de concertation :: 
6 réunions organisées dans les écoles primaires pour accompagner les parents pour la rentrée scolaire // 
Nouvelles rencontres institutionnelles dans 10 collèges pour prendre en compte les besoins exprimés tant du point de vue de l'accompagnement éducatif que du point de vue matériels et équipements 
 ",concertation-citoyenne-pour-l-amélioration-de-la-mixité-sociale-dans-les-collèges,concertation-citoyenne-pour-l-amelioration-de-la-mixite-sociale-dans-les-colleges,16.LogoHauteGaronne.png,https://raw.githubusercontent.com/co-demos/decider-ensemble/master/data/pdf/16.Fiche_longue-Haute_Garonne_2018.pdf?raw=true,1  Boulevard de la Marquette 31090 TOULOUSE
ENTREPRISE ,ENT,"DIALOGUE PARTIES PRENANTES 

PARTICIPATION EN LIGNE ",DDP-PN,ENVIRONNEMENT,ENV,Parlons Énergies,Électricité de France est une société anonyme comptant plus de 160 000 collaborateurs dans le monde. Active dans la participation des salariés  elle leur permet de proposer des projets innovants et de les soumettre aux votes des autres salariés.,"Électricité de France 
22-30 avenue de WAGRAM
75008 PARIS",Électricité de France,22-30 avenue de Wagram,75008,PARIS,Lauréat (4 étoiles) des Trophées de la Participation et de la Concertation 2018,www.edf.fr,"- Mobiliser les salariés dans la construction du futur mix de production électrique français à horizon 2050 

- Faire participer les salariés à tous les niveaux : rencontres sur le territoire  plateforme numérique  dialogues spontanés avec les collaborateurs  etc. 

- Cette démarche répond au souhait des salariés d’être écoutés  de partager une vision commune et de mieux dialoguer entre les différents métiers de l’entreprise","Dans un contexte de forts débats sur l’énergie et son avenir en France  il est apparu essentiel de mobiliser l’intelligence collective des salariés du groupe EDF dans la construction du futur mix de production électrique à horizon 2050. Parlons Énergies  par une démarche de dialogue interne au groupe EDF  vise à mettre en mouvement l’entreprise et enrichir la vision d’EDF à moyen et long terme. Cette période de dialogue doit permettre de partager la vision de l’entreprise et les clés de lecture des mutations du secteur de l’énergie ainsi qu’écouter et prendre en compte les questionnements et propositions des salariés. //

Pour mener à bien ce dialogue  des rencontres physiques sont organisées et une plateforme numérique est mise en place. Chacun doit pouvoir apporter sa voix et être acteur de l’avenir d’EDF au travers d’échanges libres  spontanés  sans tabou  hors hiérarchie et plus en phase avec une société en mouvement. Au total  20 000 salariés dont 9500 aux sessions en présentiel se sont mobilisés de manière volontaire et de tous niveaux. //

Cette démarche permettant aux salariés d’être actifs dans les orientations de l’entreprise a rencontré un vif enthousiasme des participants  notamment en session physique. Une enquête a posteriori a montré que 98% se déclaraient satisfaits ou plutôt satisfaits de la session qu’ils ont vécue. Différents formats ont également été imaginés pour présenter la démarche et dialoguer sur les territoires  comme par exemple des sessions de 3h30 programmées dans 30 villes de France ainsi que des dialogues spontanés. ",,DÉROULÉ DU PROJET,"6 décembre 2017 :: Lancement du projet puis ouverture d’une plateforme en ligne aux salariés //

Appropriation (22 janvier – 13 avril 2018) :: Permettre la diffusion des éléments de la vision de l’entreprise et le recueil des questionnements  des réserves  des controverses  des idées des salariés du groupe EDF //

Priorisation (16 avril – 11 mai 2018) :: Synthétiser les éléments de la phase d’appropriation et préparer la phase d’approfondissement // 

Approfondissement (04 juin - 08 juin 2018) :: Semaine de travail à Saclay pour approfondir les sujets prioritaires avec des experts et participants volontaires // 

Concrétisation (02 juin – fin juin 2018) :: Permettre de finaliser la vision énergétique finale à l’horizon 2050 de la démarche // 

25 juin 2018 :: Présentation au Comex de la vision enrichie et des pistes d’actions





",parlons-énergies,parlons-energies,17.LogoEDF.png,,22-30 avenue de Wagram 75008 PARIS
ASSOCIATION OU COLLECTIF CITOYEN,AC,DISPOSITIF DE CONSULTATION ,DC,URBANISME ET AMENAGEMENT,URB,Habitats des Possibles ,Habitats des possibles est une association fondée par des citoyens issus du travail social  de l’habitat et de l’entreprenariat social  visant à proposer en ruralité des solutions intermédiaires entre domicile individuel et EHPAD  en faisant participer les retraités à la définition du projet.  ,"Association ""Habitats des Possibles""
24 rue du 8 mai 1945
33640 PORTETS ","Association ""Habitats des Possibles""",24 rue du 8 mai 1945,33640,PORTETS,Lauréat (4 étoiles) des Trophées de la Participation et de la Concertation 2018,www.habitatsdespossibles.org,"- Rassembler et constituer un groupe de retraités ruraux pour co-concevoir un habitat partagé 

- Définir les attentes en termes d’usages pour l’habitat  pour un cahier des charges architectural qui puisse correspondre aux besoins des personnes âgées et poser les bases d’un projet social pour les futurs habitants","L’association Habitats des possibles a mis en place sur la commune de Lestiac-en-Garonne  une démarche de concertation pour la conception d’un habitat partagé à destination des personnes âgées  à taille humaine  mettant les liens relationnels et les capacités de chacun au cœur du projet. Des ateliers ont ainsi permis de définir les attentes des potentiels futurs habitants en termes d’usage. Cette démarche visait également à comprendre les besoins et motivations de chacun pour faire correspondre le type d’habitat et aller dans le détail pour monter le futur cahier des charges.//

La démarche de participation a permis de renforcer l’appropriation du projet par les habitants qui ont pu le définir eux-mêmes et se projeter plus facilement. Par des réunions publiques  des campagnes d’informations et une démarche d’animation sociale de proximité  l’association s’est assurée de la participation d’un large panel d’habitants et de partenaires.//

Au-delà de l’apport pour le projet  cette démarche participative a permis de montrer aux élus que les habitants pouvaient porter ce projet avec la commune et a permis une très bonne appropriation des enjeux des territoires ruraux et de chacune de leurs spécifiques par l’équipe de l’association. ",,DÉROULÉ DU PROJET,"Mai 2017 :: Premières réunions publiques //

Juin 2017 :: Premer atelier de définition des usages //

Novembre 2017 :: Élargissement de la campagne d'information aux communes voisines et mobilisatio élargie des partenaires d'action sociale //

Novembre - Décembre 2017 :: Démarche d'animation sociale de proximité pour inviter individuellement les retraités redoutant la réunion publique //

Janvier 2018 :: Réunions publiques de présentation pour élargir le premier cercle d'habitants intéressés et réunion d'accueil et de reconstitution du groupe //

Janvier - Avril 2018 :: Ateliers sur les usagers par type d'espace : espace collectif  espace privatif  espace utilitaire  jardin... ",habitats-des-possibles-,habitats-des-possibles-,18.LogoHabitatsDesPossibles.png,https://raw.githubusercontent.com/co-demos/decider-ensemble/master/data/pdf/18.Fiche_longue-Habitat_des_Possibles_2018.pdf?raw=true,24 rue du 8 mai 1945 33640 PORTETS
DÉPARTEMENT,DEP,DISPOSITIF DE CONSULTATION ,DC,JEUNESSE  EDUCATION ET CULTURE,JEU,Plan départemental par et pour les jeunesses de Haute-Garonne 2019-2021,Le département de la Haute-Garonne (31) compte 1 400 000 habitants en région Occitanie. La collectivité a engagé  en 2017  la Charte départementale du dialogue citoyen  un dispositif global visant à renforcer la participation de tous les haut-garonnais.,"Conseil départemental de la Haute-Garonne
1  Boulevard de la Marquette 
31090 TOULOUSE CEDEX 9","Conseil départementale de la Haute-Garonne
",3  Boulevard de la Marquette,31090,TOULOUSE,Lauréat (3 étoiles) des Trophées de la Participation et de la Concertation 2019,www.haute-garonne.fr ,"- Une démarche multicanale : diverses modalités de participation  individuelles et collectives  à destination première des jeunes  mais aussi des acteurs du territoire en charge de la jeunesse

- Une approche globale et transversale : écouter et prendre en compte toutes les voix de la jeunesse  en traitant de toutes les problématiques auxquelles elle fait face
","Dans le département de la Haute-Garonne  près d’un habitant sur quatre a entre 11 et 29 ans. Si la collectivité mène déjà des centaines d’actions à destination des jeunes  elle a souhaité aller au-delà  en proposant un plan départemental par et pour les jeunesses. Cette démarche a pour objectif d’offrir à cette population  aux multiples visages  une véritable place dans le débat  pour co-construire l’action publique.//

Un état des lieux sur les enjeux des jeunesses a été dressé par 80 agents du Département et 120 professionnels de la jeunesse et de l’éduction populaire. Un baromètre des jeunesses haut-garonnaises a notamment permis d’observer les différences de perception entre les populations de 11-29 ans et celles de 30-75 ans.//

Par la suite  une démarche d’« aller vers » la jeunesse a été déployée. Ainsi  plus de 2 000 jeunes ont été rencontrés sur 31 sites  grâce à des stands dynamiques et un truck itinérant. Cette mobilité géographique a permis d’entrer en contact avec une grande diversité de jeunes. En parallèle  un questionnaire papier leur a permis de faire part de leurs besoins et de leurs envies. 1 000 contributions ont été recueillies. Le « forum des jeunesses » a également été l’occasion pour 300 jeunes de s’exprimer sur de nombreux sujets.//

Ces idées et propositions ont ensuite été retravaillées pour aboutir à un plan départemental par et pour les jeunesses  composé de quatre axes prioritaires. 
",,DÉROULÉ DU PROJET,"Constats sur la situation et sur les enjeux des jeunesses (juillet 2017 à mars 2018) :: Elaboration d'un portrait sociodémographique et d'un baromètre des jeunesses haut-garonnaises avec 80 agents et 120 professionnels //

Partage des constats avec les jeunesses et recueil des propositions (mars à juillet 2018) :: Via un questionnaire et des rencontres avec les jeunes sur tout le territoire 

6 février 2019 :: Première édition du ""forum des jeunesses"" réunissant 300 jeunes et 100 professionnels 

Elaboration du plan départemental par et pour les jeunesses (février à juin 2019) :: Composé de quatre actions phares  le plan est adopté à l'unanimité par l'Assemblée départementale le 25 juin 2019
",plan-départemental-par-et-pour-les-jeunesses-de-haute-garonne-2019-2021,plan-departemental-par-et-pour-les-jeunesses-de-haute-garonne-2019-2021,16.LogoHauteGaronne.png,https://raw.githubusercontent.com/co-demos/decider-ensemble/master/data/pdf/19.Fiche_longue-Haute_Garonne Jeunesse_2019.pdf?raw=true,3  Boulevard de la Marquette 31090 TOULOUSE
GRANDE VILLE  COMMUNAUTÉ URBAINE  MÉTROPOLE,GV,"DISPOSITIF DE CONSULTATION 

PARTICIPATION EN LIGNE",DC - PN,JEUNESSE  EDUCATION ET CULTURE,JEU,#JEM - Jeunes en Métropole,"La Métropole Européenne de Lille rassemble 95 communes et plus d'un million d'habitants sur un territoire à la fois rural et urbain  composé de grandes villes et de villages. Avec une continuité urbaine et de nombreuses villes jumelles le long des 84 kilomètres de frontière avec la Belgique  elle forme une agglomération transfrontalière de 2 1 millions d'habitants. Lauréate de l’appel à projet « Projets innovants en faveur de la jeunesse »  elle renforce sa politique jeunesse avec la participation des jeunes et des parties prenantes du territoire. 
","Métropole Européenne de Lille
2  Boulevard des Cités Unies
CS 70043
59040 Lille Cedex",Métropole Européenne de Lille,2  Boulevard des Cités Unies,59040,LILLE,Lauréat (4 étoiles) des Trophées de la Participation et de la Concertation 2018,https://participation.lillemetropole.fr/?locale=fr,"-  Co-construire la stratégie jeunesse de la Métropole Européenne de Lille avec l’ensemble des parties prenantes et définir ses priorités en faveur des jeunes

- Construire et renforcer un réseau de partenaires avec l’ensemble des acteurs jeunesse du territoire métropolitain
- Favoriser l’engagement des jeunes dans les actions proposées et portées en leur faveur
","En 2016  suite à la loi NOTRE  le fonds d’aide aux jeunes a été transféré du Département du Nord à la Métropole Européenne de Lille. La MEL peut donc  depuis cette date  piloter une compétence sociale et renforcer sa politique jeunesse. Celle-ci regroupe l’ensemble des actions concourant à l’accompagnement des jeunes vers l’autonomie par l’éducation  l’insertion professionnelle  le logement  la santé etc.// 

La MEL a souhaité élaborer une stratégie jeunesse ambitieuse en faveur des jeunes et de son territoire. Pour cela  elle a lancé une concertation en direction des jeunes  des partenaires  des communes et de toute personne concernée. Cette concertation s’est déroulée à la fois en ligne via la plateforme de participation citoyenne de la MEL  ainsi qu’en présentiel autour d’ateliers de jeunes. Un livre vert a également été rédigé pour regrouper l’ensemble des données permettant de mieux cerner les spécificités de la jeunesse métropolitaine et les actions déjà menées par la MEL.//

Le livre blanc « Jeunes en Métropole » regroupe toutes les informations recueillies lors de la phase de concertation auprès des jeunes  du Conseil de Développement  des communes  des services et des partenaires de la collectivité. Il permet d’éclairer la future stratégie jeunesse en proposant également une série de champs d’actions innovants  des éléments de mise en perspective ainsi que des propositions concrètes que la MEL souhaite porter pour les jeunes.// 
",,DEROULE DU PROJET,"Décembre 2016 :: La MEL conclut un accord avec le Département du Nord pour acter le transfert du fonds d'aide aux jeunes du Département à la Métropole//

12 mai au 20 juillet 2017 :: Concertation lancée avec l'ensemble des parties prenantes autour de 7 grands axes (l'emploi  le logement  la mobilité  la citoyenneté  la culture  le sport et la communication)//

29 septembre 2017 :: ""FAB'MEL"" : Réunion des jeunes mobilisés au cours de la démarche de concertation  des élus et des partenaires pour restituter le bilan de la première phase de concertation  poursuivre le débat et favoriser le débat entre la MEL  les élus et les jeunes//

Décembre 2017 : Adoption d'une délibération cadre lors du conseil métropolitain afin de fixer la stratégie et les grandes lignes de la politique de la Métropole en faveur de la jeunesse",#jem---jeunes-en-métropole,#jem---jeunes-en-metropole,19.logoMEL.png,https://raw.githubusercontent.com/co-demos/decider-ensemble/master/data/pdf/20.Fiche_longue-MEL.pdf?raw=true,2  Boulevard des Cités Unies 59040 LILLE
PETITE VILLE OU EPCI ,PV,BUDGET ET FINANCEMENT PARTICIPATIF,BP,MULTITHEMATIQUE,MTH,Budget participatif de Jarny,Jarny est une ville de 8200 habitants située en Meurthe-et-Moselle (Grand-Est). Depuis 2002  l’équipe municipale met en place une démarche globale de participation citoyenne  renforcée par le budget participatif depuis 2009. ,"Mairie de Jarny
Place Paul Mennegand – BP 19 
54801 Jarny Cedex
",Maire de Jarny,Place Paul Mennegand,54801,JARNY,Lauréat (3 étoiles) des Trophées de la Participation et de la Concertation 2018,www.jarny.fr,"-  Proposer aux citoyens un mode de participation accessible à tous  adapté à chacun et permettant de co-construire une action publique de qualité

- Prolonger l’engagement des citoyens en leur permettant de proposer leurs projets et de décider de leur mise en œuvre 

- Un projet évolutif  ouvert et souple en constante évolution depuis son lancement en 2009 pour faire monter en puissance la politique de démocratie participative initiée en 2002
","Le budget participatif de la ville de Jarny s’inscrit dans une démarche plus globale de démocratie participative lancée depuis 2002. De 2002 à 2009  la démarche de démocratie participative était principalement axée sur les comités de quartier  permettant aux habitants de réfléchir ensemble sur les grands projets d’investissements.// 

Après 7 ans de travail collectif  il a semblé nécessaire de prolonger l’engagement des citoyens en leur permettant de proposer leurs propres projets et de décider de leur mise en œuvre. Depuis son lancement en 2009  le budget participatif s’est adressé à un public de plus en plus large et a reposé sur des modalités de communication toujours plus variées. Ce caractère évolutif  ouvert et souple s’explique par la volonté de proposer aux citoyens un mode de participation accessible à tous  adapté à chacun et permettant de co-construire une action publique de qualité.//  

En 2018  le budget participatif évolue puisqu’il concerne l’ensemble des compétences de la commune et représente plus de 6% du budget d’investissement de la ville soit 250 000€ contre 200 000 € les années précédentes. Il est aujourd’hui le dispositif central de la politique de démocratie participative de la ville. 
",,DEROULE DU BUDGET PARTICIPATIF ,"Concertation (septembre) :: Pendant un mois  tout habitant de la commune peut suggérer un ou plusieurs projets par le biais d'un ""formulaire idées""//

Expertise (octobre à janvier) :: Les propositions sont réparties entre les services et font l'objet d'un examen visant à vérifier leur recevabilité//

Vote (février) :: Tous les habitants peuvent voter durant un mois en mairie et dans différents lieux publics  sur le site internet de la ville ou grâce à des relais (conseil de quartier  acteurs associatifs  etc.)// 

Analyse des résultats et réalisation des projets (mars à décembre) :: Les résultats sont dépouillés et communiqués puis les services mettent en oeuvre les projets lauréats dans l'annéee  en relation avec les services Comptabilité et Démocratie participative ",budget-participatif-de-jarny,budget-participatif-de-jarny,20.LogoJarny.png,,Place Paul Mennegand 54801 JARNY
GRANDE VILLE  COMMUNAUTÉ URBAINE  MÉTROPOLE,GV,BUDGET ET FINANCEMENT PARTICIPATIF,BP,JEUNESSE  EDUCATION ET CULTURE,JEU,Budget participatif des écoles,Paris  capitale française  compte plus de deux millions habitants. Elle a consacré un demi-milliard d'euros au budget participatif entre 2014 et 2020.,"Mairie de Paris
Place de l’Hôtel de Ville
75004 Paris
",Mairie de Paris,Place de l'Hôtel de Ville,75004,PARIS,Lauréat (3 étoiles) des Trophées de la Participation et de la Concertation 2018,https://budgetparticipatif.paris.fr/,"- Un pouvoir de parole et de décisions donné aux enfants 

- Une forte participation : 83% des écoles élémentaires de Paris  soit 66155 enfants par an 

- Une approche pédagogique pour apprendre la citoyenneté  

- Une démarche reproductible qui s’inscrit dans une stratégie globale de la promotion de la démocratie
","Le budget participatif de Paris existe depuis 2014. La ville a souhaité étendre le mécanisme aux écoles pour élargir son impact en termes d’inclusion sociale et de renforcement de la culture de la participation. Le premier budget participatif des écoles élémentaires a été lancé en 2016. Le dispositif est répété en 2017  2018 et 2019  avec une enveloppe de 4 millions d'euros chaque année.// 

Le dispositif est co-construit avec les équipes pédagogiques de l'Éducation Nationale  la Direction des Affaires Scolaires de la Ville ainsi que l'Académie de Paris qui élaborent un catalogue de projets pour lesquels peuvent voter les enfants. Ils sont conçus pour être réalisés dans un temps adapté à la durée de la scolarité des enfants. Les écoles organisent des débats  le vote des projets et produisent le document « Mon budget participatif » qui décrit la démarche pédagogique de l'école et le choix des enfants. Les enfants sont invités à s'interroger sur le sens  le rôle et le fonctionnement de l'école.
",,DEROULE DU PROJET,"Janvier :: Mobilisation des écoles//

Mars - Avril :: Débats et votes//

Avril :: Transmission du document ""mon budget participatif"" à la ville//

Mai - Septembre :: Instruction des services et vote au Conseil de Paris//

A partir de Septembre :: Réalisation des projets 
",budget-participatif-des-écoles,budget-participatif-des-ecoles,21.LogoParis.png,https://raw.githubusercontent.com/co-demos/decider-ensemble/master/data/pdf/22.Fiche_longue-BP_Paris_2018.pdf?raw=true,Place de l'Hôtel de Ville 75004 PARIS
REGION,RG,DISPOSITIF DE CONSULTATION ,DC,"URBANISME & AMENAGEMENT

ENVIRONNEMENT",URB - ENV,Breizh Cop : un monde à vivre,La Région Bretagne compte environ 3 3 millions d’habitants. Composé de 83 élus  le Conseil régional intervient dans la plupart des domaines qui concernent la vie quotidienne et l’avenir des citoyens.   ,"Conseil régional de Bretagne
283 avenue du Général Patton 
CS 21 101
35711 Rennes Cedex 7",Conseil régional de Bretagne,283 avenue du Général Patton,35700,RENNES,Lauréat (3 étoiles) des Trophées de la Participation et de la Concertation 2018,www.bretagne.bzh,"-  Maîtriser et accélérer la mise en œuvre de toutes les transitions en Bretagne : transition écologique  transition climatique  transition économique  transition sociétale mais aussi transition méthodologique

- Associer toutes les parties prenantes autour d’un projet de développement durable et favoriser  autant que possible  une large participation citoyenne 

- Viser le maximum de transparence en mettant dans les mains des citoyens toutes les cartes des enjeux régionaux de transition avant de s’exprimer
","La Région Bretagne œuvre à un grand chantier pour faire émerger un nouveau projet de territoire pour la Bretagne dans le cadre de l’élaboration du Schéma Régional d’Aménagement et de Développement Durable. Tous les partenaires institutionnels  acteurs socio-économiques et citoyens qui le souhaitent sont invités à s’y associer. La Région souhaite ainsi fédérer toutes les parties prenantes autour d’un projet de développement durable et favoriser  autant que possible  une large participation citoyenne.// 

La Breizh Cop  qui s’inspire de la méthode des COP internationales  est l’occasion d’un débat collectif pour definir des objectifs partagés et s’engager dans des actions concrètes pour y répondre. Cinq « conférences des parties » territoriales sont organisées afin de négocier et débattre des engagements de chacun pour contribuer aux objectifs régionaux.// 

Parallèlement à ces conférences territoriales visant les élus  les experts et les corps intermédiaires  la Région a mis en place plusieurs dispositifs pédagogiques et participatifs pour associer l’ensemble des citoyens bretons. Ils visent à contourner 2 écueils majeurs : la concertation descendante et la concertation hermétique. 
",,DEROULE DU PROJET,"Mai 2018 :: Adoption des orientations du SRADDET//

Mai à Septembre 2018 :: Concertation citoyenne et panels citoyens// 

Septembre à Novembre 2018 :: Organisation des 5 ""COP territoriales""//

Décembre 2018 :: Adoption des 38 objectifs du SRADDET//

Janvier 2019 :: Conférences régionales et réunions territoriales// 

Mars 2019 :: 1ère phase de receuil des engagements// 

Septembre 2019 :: 2ème phase de recueil des engagements// 

Octobre 2019 :: Adoption du SRADDET et du cahier des engagements
",breizh-cop-:-un-monde-à-vivre,breizh-cop-:-un-monde-a-vivre,22.LogoBretagne.jpg,,283 avenue du Général Patton 35700 RENNES
ENTREPRISE,ENT,DIALOGUE PARTIES PRENANTES,DPP,ENVIRONNEMENT,ENV,Tournée de la Concertation ,"RTE est une entreprise de service public comptant 8500 salariés. RTE achemine l’électricité en tout point du territoire  depuis ses lieux de production jusqu’aux sites industriels et réseaux de distribution   
","RTE
Immeuble Window 
7C Place du Dôme
92073 LA DEFENSE Cedex",RTE,7 Place du Dôme,92800,PUTEAUX,Lauréat (3 étoiles) des Trophées de la Participation et de la Concertation 2018,www.rte-france.fr,"-  Une volonté de valoriser les métiers et pratiques de concertation chez RTE en interne et de réfléchir collectivement à ses évolutions  

- Des journées de concertation regroupant toutes les équipes : équipe de maintenance  ingénierie  juristes  acheteurs  commerciaux  etc.
","La « Tournée de la Concertation » est née d’un travail collectif entre les entités régionales et centrales de RTE. Elle fait suite aux réflexions engagées sur les évolutions des modalités et pratiques de concertation en lien avec les territoires et la participation du public.// 

Cette tournée a été initialement pensée pour clôturer cette phase de réflexion et partager avec l’ensemble des salariés de RTE les bonnes pratiques de concertation. Entre septembre 2017 et janvier 2018  chaque région a organisé une « journée de la concertation » suivant des formats différents propres aux spécificités du territoire. Une grande liberté a été donnée à chaque région pour interpréter la direction proposée et l’adapter à son territoire. Entre 40 et 80 participants  par session  étaient présents pour représenter tous les métiers de l’entreprise.//

Ces journées ont permis une meilleure (re)connaissance des métiers de la concertation de la part des autres métiers de l’entreprise mais aussi de faire émerger de nouvelles idées et suggestions. 
",,DEROULE DU PROJET,"Etape 1 :: Mise en place d'un travail collectif entre les entités régionales et centrales de RTE à la suite des constats sur les évolutions et les pratiques de concertation//

Etape 2 :: Réalisation d’un guide de bonnes pratiques intitulé « Guide des postures de la concertation RTE » recueillant 9 bonnes pratiques illustrées par des expériences de chefs de projet// 

Etape 3 :: Entre septembre 2017 et janvier 2018  chaque région a organisé une journée de la concertation avec des formats adaptés en fonction des spécificités du territoire. Une journée a également été organisée pour les fonctions centrales au siège// 

Etape 4 :: Partage des échanges effectués lors de ces journées pour continuer d’alimenter les réflexions sur les évolutions de la concertation et de ses métiers dans les territoires ",tournée-de-la-concertation-,tournee-de-la-concertation-,23.LogoRTE.png,https://raw.githubusercontent.com/co-demos/decider-ensemble/master/data/pdf/24.Fiche_longue-RTE_2018.pdf?raw=true,7 Place du Dôme 92800 PUTEAUX
PETITE VILLE OU EPCI ,PV,DISPOSITIF DE CONSULTATION ,DC,URBANISME & AMENAGEMENT       ,URB,Co-construction de la révision du Plan Local d'Urbanisme ,Saint-Martin d’Uriage est une commune située à une douzaine de kilomètres de Grenoble comptant environ 5600 habitants. La révision du PLU a été l’occasion pour l’équipe municipale de mettre en place une démarche de participation citoyenne dans la commune. ,"Mairie de Saint-Martin d’Uriage
Place de la Mairie
38410 Saint-Martin d’Uriage",Mairie de Saint-Martin d'Uriage,Place de la Mairie ,38410,SAINT-MARTIN D'URIAGE,Lauréat (3 étoiles) des Trophées de la Participation et de la Concertation 2018,mairie.saintmartinduriage.fr,"-  Co-construire avec les citoyens et les acteurs du territoire un document (PLU) souvent relégué à son volet technique

- La mise en place d’un carnet de bord numérique (blog) permettant une transparence de la démarche et une restitution de l’ensemble des temps de concertation 

- 1500 participations comptabilisées (sur 5000 habitants)

- Un quart du budget total de la révision consacré au volet participation
","Saint-Martin-d ’Uriage est une commune diversifiée qui a connu un fort accroissement de sa population durant la deuxième moitié du XXème siècle et au début du XXIème siècle. La ville s’est très largement urbanisée sous l’influence de l’agglomération grenobloise. Dans ce contexte  la révision d’un PLU est une procédure complexe  réglementaire et laborieuse pour l’équipe municipale.// 

Les élus ont souhaité se saisir de ce temps de réflexion pour initier des débats et fonder une culture partagée liée à l’aménagement du territoire. Il a donc été décidé d’inviter les habitants et les acteurs du territoire à co-construire un document le plus souvent relégué à son volet technique. De nombreux formats et outils ont ainsi été conçus et animés pour permettre l’expression de tous  mêlant dimension individuelle et collective  échanges formels et informels dans une démarche transparente  ouverte et conviviale tout au long de la révision.// 

Dès le lancement de la démarche  un blog a été mis en place pour proposer une restitution de tous les temps de concertation  le téléchargement des documents en cours  des pages de contenus pédagogiques et un agenda des prochaines rencontres. 
",Architecture In Vivo  accompagné des concepteurs  a conçu et animé de nombreux outils de concertations pour la révision du PLU. ,DEROULE DU PROJET,"Etape 1 ::  Rédaction et diffusion d’une charte de la concertation pour cadrer la démarche//  

Etape 2 :: Diagnostic partagé comprenant des réunions publiques  des ateliers participatifs de co-construction  des outils comme une carte collaborative en ligne  en présentiel sur les marchés  etc.

Etape 3 :: Co-construction du Plan d’Aménagement et de Développement Durables : ateliers de co-construction avec des citoyens volontaires et tirés au sort  exposition itinérante dans les hameaux  etc.

Etape 4 :: Définition des Orientations d’Aménagement et de Programmation : ateliers-parcours  réunions de présentation  rencontre publique de restitution du nouveau PLU  etc. ",co-construction-de-la-révision-du-plan-local-d-urbanisme-,co-construction-de-la-revision-du-plan-local-d-urbanisme-,24.Logo_StMartinUriage.png,https://raw.githubusercontent.com/co-demos/decider-ensemble/master/data/pdf/25.Fiche_longue-Saint-Martin_d_Uriage_2018.pdf?raw=true,Place de la Mairie  38410 SAINT-MARTIN D'URIAGE
ENTREPRISE,ENT,DISPOSITIF DE CONSULTATION ,DC,URBANISME & AMENAGEMENT       ,URB,Simulateur #LNOBPL,SNCF Réseau assure l’entretien  la modernisation et la sécurité des 30 000 kilomètres de ligne ferroviaire. Elle compte 54 000 collaborateurs pour un chiffre d’affaires en 2019 de 5 7 milliards d’euros.,"SNCF Réseau
15/17 rue Jean-Philippe RAMEAU – CS 80001
93418 LA PLAINE SAINT DENIS Cedex",SNCF Réseau ,17 rue Jean-Philippe RAMEAU,93418,LA PLAINE SAINT-DENIS,Lauréat (3 étoiles) des Trophées de la Participation et de la Concertation 2018,www.sncf-reseau.com,"-  Faire émerger un scénario de projet d’aménagement du réseau en Bretagne – Pays de la Loire

- Mobiliser et sensibiliser les habitants sur la complexité de l’ingénierie d’un projet ferroviaire

- Mettre à disposition de l’ensemble du territoire concerné une information pédagogique via des outils attractifs et innovants pour susciter l’intérêt de la population
","Le débat public sur les Liaisons Nouvelles Ouest Bretagne – Pays de la Loire (LNOBPL) qui s’est tenu au second semestre 2014  n’a pas permis de faire émerger un scénario de projet. SNCF Réseau s’est heurtée à des difficultés pour impliquer la population.// 

Dans le cadre de la concertation complémentaire au débat public sur ce projet  SNCF Réseau a décidé de mettre à disposition du public un simulateur de projet. Conçu comme un serious game  il permet à chacun de jouer le rôle du chef de projet en concevant lui-même son scénario d’aménagement du réseau en Bretagne – Pays de la Loire.// 

Avec ce serious game  les participants ont pu choisir les solutions qu’ils préfèrent et découvrir les apports et impacts financiers  environnementaux et socio-économiques de leurs choix. Ils ont ensuite pu envoyer leur scénario  considéré comme des contributions à la concertation. Cette solution ludique et attractive a permis de faire comprendre les nécessaires compromis que recherchent les porteurs et partenaires du projet.//

Au-delà de cet outil digital  des ateliers de concertation ont été menés sur l’ensemble du territoire de projet pour rencontrer tous les publics concernés.   
",,DEROULE DU PROJET,"Etape 1 :: Mise en place d’un débat public LNOBPL en 2014//

Etape 2 :: Constat : le débat public révèle la complexité de faire participer la population concernée face à ces enjeux qui demandent une réflexion prospective//

Etape 3 :: Mise à disposition d’un simulateur pour les usagers et les habitants de la région avec des scénarios préconstruits//

Etape 4 :: Ateliers de concertation menés sur l’ensemble du territoire du projet pour rencontrer différents publics : citoyens  associations  acteurs économiques  jeunes du territoire  voyageurs et élus ",simulateur-#lnobpl,simulateur-#lnobpl,5.LogoSNCFReseau.png,,17 rue Jean-Philippe RAMEAU 93418 LA PLAINE SAINT-DENIS
PETITE VILLE OU EPCI ,PV,BUDGET ET FINANCEMENT PARTICIPATIF,BP,JEUNESSE  EDUCATION ET CULTURE,JEU,Budget participatif - Spécial Jeunes,La ville de Bailleul compte 14 600 habitants dans les Hauts-de-France. Depuis 2017  la ville développe un budget participatif sur de nombreux thèmes. Elle met également en place un Conseil Municipal des jeunes et un Conseil des séniors.,"Hôtel de Ville de Bailleul
Grande place Charles de Gaulle
59270 BAILLEUL
",Mairie de Bailleul,Grande Place Charles de Gaulle,59270,BAILLEUL,Lauréat (3 étoiles) des Trophées de la Participation et de la Concertation 2018,www.ville-bailleul.fr,"- Un budget participatif spécifique pour les jeunes de 13 à 17 ans avec une enveloppe de 20 000 €

- Développer l’intérêt des jeunes sur leur rôle de citoyen en abordant la notion de citoyenneté de manière très concrète

- Donner la parole aux jeunes et faire vivre la démocratie
","Un budget participatif d’un montant de 100 000 € a été initié à partir de janvier 2017 pour les habitants de Bailleul à partir de 16 ans. Ce premier budget participatif a reçu 66 projets  avec 530 personnes qui se sont déplacées pour voter pour leurs projets préférés. Suite aux résultats  six projets ont été sélectionnés par les habitants.// 

Lors du bilan de cette action  la ville a constaté qu’aucun jeune n’était porteur de projet. L’équipe municipale a alors décidé de définir un budget spécifique pour les jeunes en la complétant d’une sensibilisation adaptée. Pour 2018  ce projet s’est concrétisé par la mise en place d’un budget spécifique jeune d’un montant de 20 000€ complétant l’enveloppe initiale de 100 000€.// 

Afin de capter l’attention des jeunes sur la notion de projet et celle du budget participatif  la ville a décidé de créer un jeu de rôle avec la responsable de la ludothèque et du pôle jeunesse  association et sport. En parallèle  une équipe de 5 animateurs périscolaires a été formée pour intervenir dans les deux principaux collèges de la ville. Au total  700 élèves ont été touchés par cette action dans les collèges  126 heures ont été consacrées à la sensibilisation et à l’accompagnement du projet et huit projets ont été déposés pour le budget participatif jeune.
",,DEROULE DU PROJET,"Etape 1 :: Création d’un jeu de rôle en lien avec la responsable de la ludothèque et du pôle jeunesse  association et sport pour sensibiliser les jeunes à la notion de projet et celle de budget participatif

Etape 2 :: Mobilisation et formation spécifique d’une équipe de cinq animateurs périscolaires pour intervenir dans les collèges auprès des classes de 4ème et 3ème 

Etape 3 :: Rencontres avec les responsables d’associations et les lycéens pour les accompagner dans l’élaboration de leurs projets

Etape 4 :: Dernière phase de mobilisation dans les collèges avant la date butoir de dépôt des projets

Etape 5 :: Présentation lors d’une réunion publique de tous les projets des deux budgets participatifs (citoyen et jeune) et annonce des projets éligibles",budget-participatif---spécial-jeunes,budget-participatif---special-jeunes,25-LogoBailleul.png,https://raw.githubusercontent.com/co-demos/decider-ensemble/master/data/pdf/27.Fiche_longue-Bailleul_2018.pdf?raw=true,Grande Place Charles de Gaulle 59270 BAILLEUL
VILLE MOYENNE OU EPCI ,VM,DISPOSITIF DE CONSULTATION ,DC,URBANISME & AMENAGEMENT       ,URB,Le projet de renouvellement urbain du quartier des navigateurs ,La commune de Choisy-le-Roi est une ville de petite couronne parisienne (Val-de-Marne) de plus de 45000 habitants. Le quartier des Navigateurs fait partie des quartiers prioritaires de la politique de la ville et compte environ 2000 habitants.,"Commune de Choisy-le-Roi 
Place Gabriel Péri
94600 Choisy-le-Roi
",Commune de Choisy-le-Roi,Place Gabriel Péri,94600,CHOISY-LE-ROI,Lauréat (3 étoiles) des Trophées de la Participation et de la Concertation 2018,www.choisyleroi.fr/citoyennete/renouvellement-urbain-quartier-sud/,"- Un vrai pouvoir donné aux citoyens grâce à une votation citoyenne

- Une co-construction de trois scénarios réalistes pour le renouvellement du quartier des Navigateurs 

- Une forte mobilisation des élus pour faire du porte-à-porte afin d’impliquer et toucher tous les habitants du quartier
","Dans la cadre du renouvellement urbain du quartier des Navigateurs  la ville a lancé une concertation afin de permettre aux habitants d'être acteurs de la conception du futur projet urbain de leur quartier  et de leur donner un choix réel quant à ce futur.//

Le Conseil Citoyen a tout d’abord proposé un diagnostic puis la ville a organisé une série d’ateliers urbains afin de permettre aux techniciens et habitants de co-construire 3 scénarios pour le renouvellement du quartier. Par la suite  dans un souci d’impliquer ceux qui se ne déplacent pas en réunion publique  un porte-à-porte a été organisé par les élus.// 

Les 3 scénarios ont été soumis au vote des habitants qui ont élu majoritairement le projet 1 qui a donc été retenu. La mise en œuvre du projet continue à se baser sur une approche concertée. 
",Un cabinet d'urbanisme Richez Associés a aidé la ville dans ses démarches.,DEROULE DU PROJET,"Entre le printemps 2016 et 2017 :: Diagnostic du Conseil Citoyen//

Octore 2017 à Janvier 2018 :: Six ateliers urbains//

Janvier à Mars 2018 :: Porte-à-porte des élus// 

15 février 2018 :: Présentation des 3 scénarios// 

17 mars 2018 :: Votation citoyenne// 

Depuis mars 2018 :: Mise en oeuvre du projet ",le-projet-de-renouvellement-urbain-du-quartier-des-navigateurs-,le-projet-de-renouvellement-urbain-du-quartier-des-navigateurs-,26.LogoChoisyLeRoi.jpg,https://raw.githubusercontent.com/co-demos/decider-ensemble/master/data/pdf/28.Fiche_longue-Choisy_le_Roi_2018.pdf?raw=true,Place Gabriel Péri 94600 CHOISY-LE-ROI
GRANDE VILLE  COMMUNAUTÉ URBAINE  MÉTROPOLE,GV,AUTRE,AU,MULTITHEMATIQUE,MTH,Certificat d'Action Citoyenne,La ville de Grenoble  préfecture de l’Isère  compte 160 000 habitants. La ville valorise l’engagement des citoyens dans les associations et les instances citoyennes grenobloises.,"Hôtel de ville de Grenoble
11  boulevard Jean Pain – CS 91066
38021 Grenoble Cedex 1
",Commune de Grenoble,11 boulevard Jean Pain,38000,GRENOBLE,Lauréat (3 étoiles) des Trophées de la Participation et de la Concertation 2018,www.grenoble.fr,"- Reconnaître et valoriser l’implication citoyenne et associative des grenoblois dans l’animation de la vie démocratique locale à travers une formation et un certificat
 
- Une phase expérimentale pour permettre d’amender le dispositif et l’améliorer en vue d’une généralisation  
","La Ville de Grenoble souhaite reconnaître et valoriser l’implication citoyenne  élément essentiel d’une démocratie locale vivante. Elle s’est associée à Science-Po Grenoble pour proposer aux citoyens grenoblois impliqués dans l’animation de la vie démocratie locale une reconnaissance universitaire des compétences acquises au travers de leur engagement. Celle-ci se concrétise au travers d’un cursus de formation d’un an et s’achève par l’octroi d’un Certificat d’Action Citoyenne  délivré par Science-Po Grenoble.// 

Après une année d’expérimentation avec une dizaine de citoyens volontaires issus des Conseils citoyens indépendants  la Ville de Grenoble a souhaité pérenniser ce dispositif et l’ouvrir plus largement à l’ensemble des membres des instances citoyennes grenobloises ainsi qu’aux citoyens les plus impliqués dans le fonctionnement des associations grenobloises.// 

Ce dispositif est né de la volonté de la Ville de trouver des leviers de reconnaissance pertinents de l’implication citoyenne mais aussi de l’interpellation de longue date par les citoyens sur cette problématique de reconnaissance de l’engagement militant.
",La Ville s’est associée avec Sciences-Po Grenoble pour mener ce projet. ,DEROULE DU PROJET,"Première promotion expérimentale (2017-2018) :: Mobilisation des membres des Conseils citoyens indépendants intéressés  ajustement du contenu  des modalités de formation et amendement du dispositif grâce à leurs retours//

Généralisation du dispositif ::  Diffusion de l’information à l’ensemble des publics ciblés (juin 2018) et mise en place d’un Jury pour sélectionner les participants à la formation// 


Formation (2018-2019) :: - une journée de formation socle sur le fonctionnement institutionnel de la ville  trois modules de formation avancées et thématisées  trois conférences en lien avec le champ de la participation  un module centré sur la conduite de projet  la lecture de deux ouvrages thématiques
",certificat-d-action-citoyenne,certificat-d-action-citoyenne,27.LogoGrenoble.png,,11 boulevard Jean Pain 38000 GRENOBLE